"concat(question_name,""#"",example_name)"
jboolean_operators1#boolean_expression_v2
jboolean_operators1#conditional_operators_v2
jboolean_operators1#JavaTutorial_4_2_2
jboolean_operators1#JavaTutorial_4_2_8
jboolean_var#boolean_declaration_v2
jboolean_var#boolean_operators_v2
jboolean_var#increment_v2
jdouble1#JavaTutorial_4_1_5
jdouble1#TypeCasting_v2
jdouble1#variables2_v2
jfor1#JavaTutorial_4_2_2
jfor1#JavaTutorial_4_6_6
jfor1#JavaTutorial_4_6_7
jfor1#JavaTutorial_4_6_9
jfor1#nested_loops2_v2
jfor2#boolean_expression_v2
jfor2#for1_v2
jfor2#JavaTutorial_4_6_7
jfor2#nested_loops2_v2
jfor2#relational_operators_v2
jif_else1#boolean_expression_v2
jif_else1#Decision_If_v2
jif_else1#JavaTutorial_4_2_2
jif_else1#OperatorExample_v2
jif_else5#boolean_expression_v2
jif_else5#ifelse2_v2
jif_else5#JavaTutorial_4_2_2
jif_else5#nested_loops_v2
jincrement#increment_v2
jincrement#JavaTutorial_4_1_5
jincrement#JavaTutorial_4_2_8
jincrement#JavaTutorial_4_2_9
jincrement#variables1_v2
joperator1#Decision_If_v2
joperator1#ifelse2_v2
joperator1#JavaTutorial_4_1_5
joperator1#OperatorExample_v2
jvariable1#JavaTutorial_4_1_5
jvariable1#JavaTutorial_4_6_6
jvariable1#JavaTutorial_4_6_9
jvariable1#variables1_v2
jwhile3#JavaTutorial_4_2_2
jwhile3#JavaTutorial_4_4_3
jwhile3#JavaTutorial_4_6_6
jwhile3#JavaTutorial_4_6_9
jwhile3#while_v2
jwhile4#Decision_If_v2
jwhile4#ifelse2_v2
jwhile4#JavaTutorial_4_2_2
jwhile4#JavaTutorial_4_4_3
jwhile4#while_v2
j2d_arrays1#array_declaration_v2
j2d_arrays1#create_2d_array_v2
j2d_arrays1#JavaTutorial_4_1_5
j2d_arrays1#use_2darray_v2
jarray1#array_declaration_v2
jarray1#JavaTutorial_4_7_5
jarray1#JavaTutorial_4_7_8
jarray1#use_2darray_v2
jarray1#using_array_v2
jarray4#nested_loops2_v2
jarray4#nested_loops_v2
jarray4#use_array_v2
jarray4#using_array_v2
jboolean_var#boolean_expression_v2
jfor2#arithmetic_v2
jwhile4#OperatorExample_v2
jincrement#OperatorExample_v2
j2d_arrays1#relational_operators_v2
jarray1#JavaTutorial_4_2_2
jarray1#JavaTutorial_4_6_9
jarray1#JavaTutorial_4_7_6
jarray2#array_declaration_v2
jarray2#JavaTutorial_4_2_2
jarray2#JavaTutorial_4_6_7
jarray2#JavaTutorial_4_7_5
jarray2#use_2darray_v2
jarray2#use_array_v2
jarray4#create_2d_array_v2
jbankaccount#arraylist1_v2
jbankaccount#Bicycle_v2
jbankaccount#JavaTutorial_4_4_3
jbankaccount#Point_v2
jbankaccount#Rectangle_v2
jbankaccount#variables1_v2
jba_ques#Bicycle_v2
jba_ques#Point_v2
jba_ques#Rectangle_v2
jba_ques#variables1_v2
jclass1#Bicycle_v2
jclass1#Point_v2
jclass1#Rectangle_v2
jclass1#variables1_v2
jclasses_constructor#Bicycle_v2
jclasses_constructor#JavaTutorial_4_4_3
jclasses_constructor#Point_v2
jclasses_constructor#Rectangle_v2
jclasses_constructor#variables1_v2
jfor2#JavaTutorial_4_6_9
j2d_arrays1#JavaTutorial_4_7_5
j2d_arrays1#JavaTutorial_4_7_8
j2d_arrays1#use_array_v2
j2d_arrays1#using_array_v2
jarray2#using_array_v2
jfor2#JavaTutorial_4_6_6
jif_else5#OperatorExample_v2
jboolean_operators1#JavaTutorial_4_6_9
jif_else5#arithmetic_v2
jclass1#relational_operators_v2
jclass1#variables2_v2
jarray1#JavaTutorial_4_6_6
j2d_arrays1#variables2_v2
jarray4#JavaTutorial_4_6_6
jarray4#JavaTutorial_4_6_7
j2d_arrays1#JavaTutorial_4_7_6
jarray1#create_2d_array_v2
jbankaccount#inheritance_constructors_1
jbankaccount#MathFunction_v2
jbankaccount#TypeCasting_v2
jclass1#TypeCasting_v2
jarray2#create_2d_array_v2
jarray2#inheritance_polymorphism_2
jfor1#for1_v2
jfor1#JavaTutorial_4_6_8
jfor1#using_array_v2
jarray4#array_declaration_v2
jdouble1#inheritance_casting_1
jdouble1#variables1_v2
jincrement#variables2_v2
joperator1#arithmetic_v2
jvariable1#OperatorExample_v2
jwhile4#JavaTutorial_4_6_12
jbankaccount#simple_inheritance_1
jclass1#inheritance_constructors_1
jclasses_constructor#inheritance_constructors_1
jclasses_constructor#simple_inheritance_1
jif_else5#decisions1_v2
jwhile4#JavaTutorial_4_2_8
j2d_arrays1#inheritance_polymorphism_2
jarray1#inheritance_polymorphism_2
jarray4#inheritance_polymorphism_2
jarray4#use_2darray_v2
jbankaccount#CreateObjectDemo_v2
jba_ques#arraylist1_v2
jdouble1#arithmetic_v2
jdouble1#JavaTutorial_4_7_4
jdouble1#MathFunction_v2
jvariable1#Point_v2
j2d_arrays1#JavaTutorial_4_7_2
jba_ques#inheritance_casting_1
jba_ques#inheritance_constructors_1
jwhile4#do_while_v2
jwhile4#JavaTutorial_4_2_5
jboolean_operators1#boolean_operators_v2
jif_else1#comparison_operators_v2
jif_else5#Decision_If_v2
joperator1#JavaTutorial_4_2_8
jbankaccount#JavaTutorial_4_7_4
jclasses_constructor#CreateObjectDemo_v2
jInheritance1#constant_v2
jInheritance1#inheritance_casting_1
jInheritance1#inheritance_constructors_1
jInheritance1#override_v2
jInheritance1#Point_v2
jInheritance1#Rectangle_v2
jInheritance2#constant_v2
jInheritance2#inheritance_casting_1
jInheritance2#inheritance_constructors_1
jInheritance2#override_v2
jInheritance2#Rectangle_v2
jInheritance3#inheritance_constructors_1
jInheritance3#override_v2
jInheritance3#Point_v2
jInheritance3#Rectangle_v2
jInheritance4#inheritance_casting_1
jInheritance4#inheritance_constructors_1
jInheritance4#JavaTutorial_4_7_4
jInheritance4#override_v2
jInheritance4#Rectangle_v2
jInheritance3#inheritance_casting_1
jInheritance4#arraylist2_v2
jInheritance4#constant_v2
jInheritance4#CreateObjectDemo_v2
jif_else1#ifelse2_v2
jvariable1#JavaTutorial_4_7_5
jvariable1#JavaTutorial_4_7_7
jvariable1#JavaTutorial_4_7_8
jwhile3#JavaTutorial_4_4_2
jfor1#use_array_v2
jfor2#use_array_v2
jfor2#using_array_v2
joperator1#create_2d_array_v2
joperator1#JavaTutorial_4_2_2
jarray1#JavaTutorial_4_7_2
jarray1#use_array_v2
jarray4#JavaTutorial_4_7_6
jboolean_operators1#comparison_operators_v2
jwhile3#do_while_v2
jwhile3#for1_v2
jInheritance1#boolean_operators_v2
jInheritance1#CreateObjectDemo_v2
jInheritance3#CreateObjectDemo_v2
jInheritance3#poly_v2
jboolean_var#comparison_operators_v2
jboolean_var#relational_operators_v2
jba_ques#CreateObjectDemo_v2
jba_ques#JavaTutorial_4_4_3
jInheritance2#CreateObjectDemo_v2
jInheritance2#poly_v2
jInheritance4#Point_v2
jboolean_var#JavaTutorial_4_2_2
jboolean_var#PrimitiveDataTypes_v2
jfor1#JavaTutorial_4_6_14
jincrement#JavaTutorial_4_2_2
jincrement#Point_v2
jvariable1#JavaTutorial_4_1_3
jvariable1#JavaTutorial_4_2_2
